slug,name,url,area,industry,score,reviews,contact_email,status,date
biscuit-bunker,Biscuit Bunker,https://biscuitbunker.com/,Shoreditch EC2A,Video production,,,,demo_built,2026-09-27
green-papaya,Green Papaya Xi'Viet,https://green-papaya.com/,Hackney E8,Restaurant,,,,demo_built,2026-09-27
rose-locksmith,Rose Locksmith & DIY,https://rosediy.co.uk/,Bethnal Green E2,Locksmith & hardware,,684,,demo_built,2026-09-27
walthamstow-osteopaths,Walthamstow Osteopathy & Natural Health Centre,https://www.walthamstowosteopaths.co.uk/,Walthamstow E17,Health & osteopathy,,72,walthamstowosteopaths@gmail.com,demo_built,2026-09-27
wj-meade,W J Meade Estate Agents,https://www.wjmeade.co.uk/,Bow E3,Estate agent,,,,demo_built,2026-09-27
clapton-beauty-parlour,Clapton Beauty Parlour,https://www.claptonbeautyparlour.co.uk/,Lower Clapton E5,Hair & beauty,,,,demo_built,2026-09-27
thompsons-diy,Thompson's,https://www.thompsonsdiy.london/,Roman Road E3,Locksmith & hardware,,,,prospect,2026-09-27
paul-robinson-solicitors,Paul Robinson Solicitors,https://paulrobinson.co.uk/,Stratford E15,Solicitor,,,,prospect,2026-09-27
bowling-and-co,Bowling & Co,https://www.bowlinglaw.co.uk/,Stratford E15,Solicitor,,,,prospect,2026-09-27
physio-answers-leyton,Physio Answers Leyton,https://physio-answers.co.uk/clinics/leyton-physiotherapy-london/,Leyton E10,Physiotherapy,,,,prospect,2026-09-27
khans-diy,Khans Locksmith & DIY,https://www.khansdiy.co.uk/,Roman Road E2,Locksmith & hardware,,,,prospect,2026-09-27
healthy-stuff,Healthy Stuff,,Hackney,Cafe & health food,,,,prospect,2026-09-27
thatched-house-dental,The Thatched House Dental Practice,https://www.thatchedhousedental.co.uk/,Leytonstone E15,Private dentist,,105,,demo_built,2026-09-27
queens-head-limehouse,The Queen's Head Limehouse,,Limehouse E14,Community pub,,,,demo_built,2026-09-27
kellys-florist,Kelly's Florist,https://kellys-florist.ueniweb.com/,Well Street E9,Florist,,,,demo_built,2026-09-27
well-heeled,Well Heeled,,Bethnal Green E2,Shoe repair,,,,demo_built,2026-09-27
